ID,X_begin,Y_begin,Z_begin,X_end,Y_end,Z_end,dCL,sigmaz0,NumLanes,Emis_g_m_s,Hw1,dw1,Hw2,dw2,Depth,Wtop,Wbottom,KPH,FRC,LANES,TruckRoute,METERS,NetworkID,hist_rel_10,hist_rel_22,FFS
1,678648.8845,4164383.39,30.2,678652.1507,4164383.46,30,0,2,1,4.79672818213716e-07,0,0,0,0,0,0,0,0,0,0,0,0,0,0,0,0
2,678652.1507,4164383.46,30,678664.421,4164383.725,29.6,0,2,1,1.0098010524658e-07,0,0,0,0,0,0,0,0,0,0,0,0,0,0,0,0
3,678664.421,4164383.725,29.6,678676.2499,4164383.98,29.2,0,2,1,6.99418208813636e-08,0,0,0,0,0,0,0,0,0,0,0,0,0,0,0,0
4,678676.2499,4164383.98,29.2,678684.636,4164384.161,29,0,2,1,8.50962883345255e-08,0,0,0,0,0,0,0,0,0,0,0,0,0,0,0,0
5,678684.636,4164384.161,29,678687.5491,4164384.224,28.9,0,2,1,2.2020383848815e-07,0,0,0,0,0,0,0,0,0,0,0,0,0,0,0,0
6,678687.5491,4164384.224,28.9,678696.6391,4164384.531,28.6,0,2,1,1.27471092246083e-07,0,0,0,0,0,0,0,0,0,0,0,0,0,0,0,0
7,678696.6391,4164384.531,28.6,678701.4036,4164384.745,28.5,0,2,1,1.92230323674065e-07,0,0,0,0,0,0,0,0,0,0,0,0,0,0,0,0
8,678701.4036,4164384.745,28.5,678707.757,4164384.993,28.3,0,2,1,1.29688039716673e-07,0,0,0,0,0,0,0,0,0,0,0,0,0,0,0,0
9,678707.757,4164384.993,28.3,678711.1091,4164385.176,28.2,0,2,1,2.53679467561169e-07,0,0,0,0,0,0,0,0,0,0,0,0,0,0,0,0
10,678711.1091,4164385.176,28.2,678714.7284,4164385.254,28.2,0,2,1,2.55791739885625e-07,0,0,0,0,0,0,0,0,0,0,0,0,0,0,0,0
11,678714.7284,4164385.254,28.2,678716.5822,4164385.294,28.2,0,2,1,4.35764098154118e-07,0,0,0,0,0,0,0,0,0,0,0,0,0,0,0,0
12,678716.5822,4164385.294,28.2,678719.0539,4164385.348,28,0,2,1,6.24908738882128e-07,0,0,0,0,0,0,0,0,0,0,0,0,0,0,0,0
13,678719.0539,4164385.348,28,678720.378,4164385.376,27.9,0,2,1,2.09304473779981e-06,0,0,0,0,0,0,0,0,0,0,0,0,0,0,0,0
14,678720.378,4164385.376,27.9,678722.6708,4164385.537,27.7,0,2,1,1.92886130806589e-06,0,0,0,0,0,0,0,0,0,0,0,0,0,0,0,0
15,678722.6708,4164385.537,27.7,678723.9066,4164385.563,27.6,0,2,1,3.37047548399105e-06,0,0,0,0,0,0,0,0,0,0,0,0,0,0,0,0
16,678723.9066,4164385.563,27.6,678727.9649,4164385.762,27.5,0,2,1,1.40243523154407e-06,0,0,0,0,0,0,0,0,0,0,0,0,0,0,0,0
17,678727.9649,4164385.762,27.5,678730.0811,4164385.918,27.4,0,2,1,2.26891699850472e-06,0,0,0,0,0,0,0,0,0,0,0,0,0,0,0,0
18,678730.0811,4164385.918,27.4,678736.7948,4164385.841,27.2,0,2,1,6.41642269400431e-07,0,0,0,0,0,0,0,0,0,0,0,0,0,0,0,0
19,678736.7948,4164385.841,27.2,678740.24,4164385.805,27.1,0,2,1,9.74822830367747e-07,0,0,0,0,0,0,0,0,0,0,0,0,0,0,0,0
20,678740.24,4164385.805,27.1,678748.8003,4164386.1,26.9,0,2,1,4.37687396486157e-07,0,0,0,0,0,0,0,0,0,0,0,0,0,0,0,0
21,678748.8003,4164386.1,26.9,678753.3023,4164386.198,26.8,0,2,1,6.59384193774943e-07,0,0,0,0,0,0,0,0,0,0,0,0,0,0,0,0
22,678753.3023,4164386.198,26.8,678763.7164,4164386.533,26.6,0,2,1,3.70390614978883e-07,0,0,0,0,0,0,0,0,0,0,0,0,0,0,0,0
23,678763.7164,4164386.533,26.6,678769.1871,4164386.762,26.5,0,2,1,4.27289095961025e-07,0,0,0,0,0,0,0,0,0,0,0,0,0,0,0,0
24,678769.1871,4164386.762,26.5,678780.5722,4164387.119,26.4,0,2,1,2.2210214153378e-07,0,0,0,0,0,0,0,0,0,0,0,0,0,0,0,0
25,678780.5722,4164387.119,26.4,678786.5726,4164387.36,26.3,0,2,1,2.84716134881646e-07,0,0,0,0,0,0,0,0,0,0,0,0,0,0,0,0
26,678786.5726,4164387.36,26.3,678798.9287,4164387.737,26.1,0,2,1,2.31325189629249e-07,0,0,0,0,0,0,0,0,0,0,0,0,0,0,0,0
27,678798.9287,4164387.737,26.1,678805.3728,4164387.876,26,0,2,1,5.25876577291015e-07,0,0,0,0,0,0,0,0,0,0,0,0,0,0,0,0
28,678805.3728,4164387.876,26,678818.9672,4164388.17,25.8,0,2,1,2.73548587922997e-07,0,0,0,0,0,0,0,0,0,0,0,0,0,0,0,0
29,678818.9672,4164388.17,25.8,678833.1772,4164388.588,25.6,0,2,1,2.52505922582683e-07,0,0,0,0,0,0,0,0,0,0,0,0,0,0,0,0
30,678833.1772,4164388.588,25.6,678844.0326,4164388.933,25.5,0,2,1,3.01986018415623e-07,0,0,0,0,0,0,0,0,0,0,0,0,0,0,0,0
31,678844.0326,4164388.933,25.5,678847.7402,4164389.013,25.5,0,2,1,7.28070863754142e-07,0,0,0,0,0,0,0,0,0,0,0,0,0,0,0,0
32,678847.7402,4164389.013,25.5,678862.5705,4164389.333,25.5,0,2,1,2.00219479514821e-07,0,0,0,0,0,0,0,0,0,0,0,0,0,0,0,0
33,678862.5705,4164389.333,25.5,678870.2504,4164389.499,25.5,0,2,1,4.15270010779253e-07,0,0,0,0,0,0,0,0,0,0,0,0,0,0,0,0
34,678870.2504,4164389.499,25.5,678885.4314,4164389.938,25.5,0,2,1,1.9292419463925e-07,0,0,0,0,0,0,0,0,0,0,0,0,0,0,0,0
35,678885.4314,4164389.938,25.5,678893.3738,4164390.221,25.5,0,2,1,3.96355412528053e-07,0,0,0,0,0,0,0,0,0,0,0,0,0,0,0,0
36,678893.3738,4164390.221,25.5,678908.7337,4164390.552,25.6,0,2,1,1.44495263341778e-07,0,0,0,0,0,0,0,0,0,0,0,0,0,0,0,0
37,678908.7337,4164390.552,25.6,678916.7668,4164390.726,25.7,0,2,1,2.72538682373741e-07,0,0,0,0,0,0,0,0,0,0,0,0,0,0,0,0
38,678916.7668,4164390.726,25.7,678932.0384,4164391.056,25.7,0,2,1,2.21928273386943e-07,0,0,0,0,0,0,0,0,0,0,0,0,0,0,0,0
39,678932.0384,4164391.056,25.7,678939.9832,4164391.227,25.7,0,2,1,4.42954554161657e-07,0,0,0,0,0,0,0,0,0,0,0,0,0,0,0,0
40,678939.9832,4164391.227,25.7,678955.3407,4164391.67,25.6,0,2,1,2.15435471733937e-07,0,0,0,0,0,0,0,0,0,0,0,0,0,0,0,0
41,678955.3407,4164391.67,25.6,678963.3738,4164391.844,25.5,0,2,1,3.64629308684258e-07,0,0,0,0,0,0,0,0,0,0,0,0,0,0,0,0
42,678963.3738,4164391.844,25.5,678978.7337,4164392.175,25.4,0,2,1,1.73784792395607e-07,0,0,0,0,0,0,0,0,0,0,0,0,0,0,0,0
43,678978.7337,4164392.175,25.4,678986.7668,4164392.349,25.3,0,2,1,3.23561810502919e-07,0,0,0,0,0,0,0,0,0,0,0,0,0,0,0,0
44,678986.7668,4164392.349,25.3,679002.1291,4164392.57,25.4,0,2,1,1.71176789655109e-07,0,0,0,0,0,0,0,0,0,0,0,0,0,0,0,0
45,679002.1291,4164392.57,25.4,679010.1621,4164392.744,25.4,0,2,1,3.48478125415929e-07,0,0,0,0,0,0,0,0,0,0,0,0,0,0,0,0
46,679010.1621,4164392.744,25.4,679025.2548,4164393.181,25,0,2,1,1.80080870041815e-07,0,0,0,0,0,0,0,0,0,0,0,0,0,0,0,0
47,679025.2548,4164393.181,25,679033.1114,4164393.351,24.8,0,2,1,3.5873796291482e-07,0,0,0,0,0,0,0,0,0,0,0,0,0,0,0,0
48,679033.1114,4164393.351,24.8,679048.3854,4164393.57,24.9,0,2,1,1.85258601998107e-07,0,0,0,0,0,0,0,0,0,0,0,0,0,0,0,0
49,679048.3854,4164393.57,24.9,679056.4185,4164393.743,25,0,2,1,3.80807239419803e-07,0,0,0,0,0,0,0,0,0,0,0,0,0,0,0,0
50,679056.4185,4164393.743,25,679071.2439,4164394.286,24.9,0,2,1,2.04910679444941e-07,0,0,0,0,0,0,0,0,0,0,0,0,0,0,0,0
51,679071.2439,4164394.286,24.9,679086.2484,4164394.721,24.8,0,2,1,1.7786872398826e-07,0,0,0,0,0,0,0,0,0,0,0,0,0,0,0,0
52,679086.2484,4164394.721,24.8,679097.2828,4164394.96,24.7,0,2,1,2.54587582851961e-07,0,0,0,0,0,0,0,0,0,0,0,0,0,0,0,0
53,679097.2828,4164394.96,24.7,679101.0786,4164395.042,24.6,0,2,1,4.94991259145508e-07,0,0,0,0,0,0,0,0,0,0,0,0,0,0,0,0
54,679101.0786,4164395.042,24.6,679115.1144,4164395.345,24.3,0,2,1,1.09668819279484e-07,0,0,0,0,0,0,0,0,0,0,0,0,0,0,0,0
55,679115.1144,4164395.345,24.3,679122.4413,4164395.504,24.2,0,2,1,1.34529361115268e-07,0,0,0,0,0,0,0,0,0,0,0,0,0,0,0,0
56,679122.4413,4164395.504,24.2,679135.8639,4164395.572,24.9,0,2,1,5.69894795984764e-08,0,0,0,0,0,0,0,0,0,0,0,0,0,0,0,0
57,679135.8639,4164395.572,24.9,679148.4015,4164395.732,25.4,0,2,1,6.58246083658339e-08,0,0,0,0,0,0,0,0,0,0,0,0,0,0,0,0
58,679148.4015,4164395.732,25.4,679156.7852,4164396.025,25.6,0,2,1,1.99016949746632e-07,0,0,0,0,0,0,0,0,0,0,0,0,0,0,0,0
59,679156.7852,4164396.025,25.6,679159.6983,4164396.088,25.7,0,2,1,6.61982259083312e-07,0,0,0,0,0,0,0,0,0,0,0,0,0,0,0,0
60,679159.6983,4164396.088,25.7,679168.0893,4164396.047,25.7,0,2,1,2.38348791922719e-07,0,0,0,0,0,0,0,0,0,0,0,0,0,0,0,0
61,679168.0893,4164396.047,25.7,679172.5054,4164396.031,25.7,0,2,1,3.84946413448469e-07,0,0,0,0,0,0,0,0,0,0,0,0,0,0,0,0
62,679172.5054,4164396.031,25.7,679180.1902,4164395.976,25.4,0,2,1,1.36526412762973e-07,0,0,0,0,0,0,0,0,0,0,0,0,0,0,0,0
63,679180.1902,4164395.976,25.4,679184.2533,4164395.953,25.2,0,2,1,2.53192206036337e-07,0,0,0,0,0,0,0,0,0,0,0,0,0,0,0,0
64,679184.2533,4164395.953,25.2,679190.1701,4164395.97,24.7,0,2,1,2.29034585543745e-07,0,0,0,0,0,0,0,0,0,0,0,0,0,0,0,0
65,679190.1701,4164395.97,24.7,679195.3856,4164395.749,24.3,0,2,1,1.88142161633076e-07,0,0,0,0,0,0,0,0,0,0,0,0,0,0,0,0
66,679195.3856,4164395.749,24.3,679198.5683,4164395.596,24.2,0,2,1,2.23339629283756e-07,0,0,0,0,0,0,0,0,0,0,0,0,0,0,0,0
67,679198.5683,4164395.596,24.2,679199.7183,4164395.51,24.2,0,2,1,4.10162031232611e-07,0,0,0,0,0,0,0,0,0,0,0,0,0,0,0,0
68,679199.7183,4164395.51,24.2,679202.8199,4164395.022,24.5,0,2,1,1.44573991893306e-07,0,0,0,0,0,0,0,0,0,0,0,0,0,0,0,0
69,679202.8199,4164395.022,24.5,679204.4137,4164394.834,24.7,0,2,1,2.60331060672443e-07,0,0,0,0,0,0,0,0,0,0,0,0,0,0,0,0
70,679204.4137,4164394.834,24.7,679206.5323,4164394.88,25.2,0,2,1,2.9899484615327e-07,0,0,0,0,0,0,0,0,0,0,0,0,0,0,0,0
71,679206.5323,4164394.88,25.2,679207.6799,4164394.905,25.5,0,2,1,7.08020851982799e-07,0,0,0,0,0,0,0,0,0,0,0,0,0,0,0,0
72,679207.6799,4164394.905,25.5,679208.4768,4164394.811,25.6,0,2,1,1.26146162174426e-06,0,0,0,0,0,0,0,0,0,0,0,0,0,0,0,0
73,679208.4768,4164394.811,25.6,679208.9229,4164394.599,25.8,0,2,1,1.80834394281596e-06,0,0,0,0,0,0,0,0,0,0,0,0,0,0,0,0
74,679208.9229,4164394.599,25.8,679209.016,4164394.379,25.9,0,2,1,3.27439761287456e-06,0,0,0,0,0,0,0,0,0,0,0,0,0,0,0,0
75,679209.016,4164394.379,25.9,679209.0184,4164394.268,26,0,2,1,4.85294973262456e-06,0,0,0,0,0,0,0,0,0,0,0,0,0,0,0,0
76,679209.0184,4164394.268,26,679209.016,4164394.379,25.9,0,2,1,3.98945936640584e-06,0,0,0,0,0,0,0,0,0,0,0,0,0,0,0,0
77,679209.016,4164394.379,25.9,679209.016,4164394.379,25.8,0,2,1,5.7e-06,0,0,0,0,0,0,0,0,0,0,0,0,0,0,0,0
78,679209.016,4164394.379,25.8,679211.4997,4164393.878,26.1,0,2,1,1.05819818988882e-06,0,0,0,0,0,0,0,0,0,0,0,0,0,0,0,0
79,679211.4997,4164393.878,26.1,679212.8311,4164393.573,26.2,0,2,1,1.27801491210585e-06,0,0,0,0,0,0,0,0,0,0,0,0,0,0,0,0
80,679212.8311,4164393.573,26.2,679217.1542,4164393.778,26.1,0,2,1,4.50441170363442e-07,0,0,0,0,0,0,0,0,0,0,0,0,0,0,0,0
81,679217.1542,4164393.778,26.1,679221.7445,4164393.877,25.9,0,2,1,6.02730382821191e-07,0,0,0,0,0,0,0,0,0,0,0,0,0,0,0,0
82,679221.7445,4164393.877,25.9,679225.1896,4164393.841,25.8,0,2,1,6.15065290982315e-07,0,0,0,0,0,0,0,0,0,0,0,0,0,0,0,0
83,679225.1896,4164393.841,25.8,679226.4255,4164393.868,25.7,0,2,1,1.16918114553585e-06,0,0,0,0,0,0,0,0,0,0,0,0,0,0,0,0
84,679226.4255,4164393.868,25.7,679231.6361,4164393.869,25.7,0,2,1,7.56142996720795e-07,0,0,0,0,0,0,0,0,0,0,0,0,0,0,0,0
85,679231.6361,4164393.869,25.7,679234.3751,4164393.818,25.7,0,2,1,1.12797195559466e-06,0,0,0,0,0,0,0,0,0,0,0,0,0,0,0,0
86,679234.3751,4164393.818,25.7,679240.812,4164394.29,25.4,0,2,1,5.61816750360598e-07,0,0,0,0,0,0,0,0,0,0,0,0,0,0,0,0
87,679240.812,4164394.29,25.4,679244.1617,4164394.584,25.2,0,2,1,1.24683435695995e-06,0,0,0,0,0,0,0,0,0,0,0,0,0,0,0,0
88,679244.1617,4164394.584,25.2,679251.8344,4164395.083,25.2,0,2,1,3.99272860912913e-07,0,0,0,0,0,0,0,0,0,0,0,0,0,0,0,0
89,679251.8344,4164395.083,25.2,679255.8044,4164395.28,25.2,0,2,1,5.40897329474032e-07,0,0,0,0,0,0,0,0,0,0,0,0,0,0,0,0
90,679255.8044,4164395.28,25.2,679264.8992,4164395.366,25.6,0,2,1,3.66872833733448e-07,0,0,0,0,0,0,0,0,0,0,0,0,0,0,0,0
91,679264.8992,4164395.366,25.6,679274.7002,4164395.467,25.8,0,2,1,2.3562913302431e-07,0,0,0,0,0,0,0,0,0,0,0,0,0,0,0,0
92,679274.7002,4164395.467,25.8,679282.4684,4164395.635,25.7,0,2,1,8.10737230198822e-08,0,0,0,0,0,0,0,0,0,0,0,0,0,0,0,0
93,679282.4684,4164395.635,25.7,679285.1167,4164395.693,25.7,0,2,1,1.14387763098514e-06,0,0,0,0,0,0,0,0,0,0,0,0,0,0,0,0
94,679285.1167,4164395.693,25.7,679295.3542,4164396.025,25.4,0,2,1,2.39086244771111e-07,0,0,0,0,0,0,0,0,0,0,0,0,0,0,0,0
95,679295.3542,4164396.025,25.4,679300.6484,4164396.251,25.2,0,2,1,1.69158942220168e-07,0,0,0,0,0,0,0,0,0,0,0,0,0,0,0,0
96,679300.6484,4164396.251,25.2,679310.1893,4164396.124,25.7,0,2,1,2.03037430286646e-07,0,0,0,0,0,0,0,0,0,0,0,0,0,0,0,0
97,679310.1893,4164396.124,25.7,679315.2234,4164396.122,25.9,0,2,1,4.24765265449864e-07,0,0,0,0,0,0,0,0,0,0,0,0,0,0,0,0
98,679315.2234,4164396.122,25.9,679324.1417,4164396.204,26.2,0,2,1,1.37835998327851e-07,0,0,0,0,0,0,0,0,0,0,0,0,0,0,0,0
99,679324.1417,4164396.204,26.2,679328.8203,4164396.306,26.4,0,2,1,2.34843555993337e-07,0,0,0,0,0,0,0,0,0,0,0,0,0,0,0,0
100,679328.8203,4164396.306,26.4,679336.9416,4164396.482,26.5,0,2,1,1.06353329904147e-07,0,0,0,0,0,0,0,0,0,0,0,0,0,0,0,0
101,679336.9416,4164396.482,26.5,679341.1788,4164396.573,26.6,0,2,1,1.8988552399485e-07,0,0,0,0,0,0,0,0,0,0,0,0,0,0,0,0
102,679341.1788,4164396.573,26.6,679348.5057,4164396.732,26.5,0,2,1,7.58602607634657e-08,0,0,0,0,0,0,0,0,0,0,0,0,0,0,0,0
103,679348.5057,4164396.732,26.5,679352.3015,4164396.814,26.4,0,2,1,1.13215910382911e-07,0,0,0,0,0,0,0,0,0,0,0,0,0,0,0,0
104,679352.3015,4164396.814,26.4,679358.0394,4164396.938,26.3,0,2,1,1.63411120124007e-07,0,0,0,0,0,0,0,0,0,0,0,0,0,0,0,0
105,679358.0394,4164396.938,26.3,679363.2477,4164397.051,26.2,0,2,1,2.78287705451958e-07,0,0,0,0,0,0,0,0,0,0,0,0,0,0,0,0
106,679363.2477,4164397.051,26.2,679366.5115,4164397.233,26.1,0,2,1,4.37258974177054e-07,0,0,0,0,0,0,0,0,0,0,0,0,0,0,0,0
107,679366.5115,4164397.233,26.1,679367.6591,4164397.258,26.1,0,2,1,1.3416381244336e-06,0,0,0,0,0,0,0,0,0,0,0,0,0,0,0,0
108,679367.6591,4164397.258,26.1,679372.0728,4164397.353,25.8,0,2,1,4.6553767864705e-07,0,0,0,0,0,0,0,0,0,0,0,0,0,0,0,0
109,679372.0728,4164397.353,25.8,679374.368,4164397.403,25.7,0,2,1,8.05090600224448e-07,0,0,0,0,0,0,0,0,0,0,0,0,0,0,0,0
110,679374.368,4164397.403,25.7,679380.3683,4164397.644,25.2,0,2,1,4.84571175526275e-07,0,0,0,0,0,0,0,0,0,0,0,0,0,0,0,0
111,679380.3683,4164397.644,25.2,679383.5439,4164397.824,25,0,2,1,9.19393912262643e-07,0,0,0,0,0,0,0,0,0,0,0,0,0,0,0,0
112,679383.5439,4164397.824,25,679390.8779,4164397.649,25.3,0,2,1,2.6967114366464e-07,0,0,0,0,0,0,0,0,0,0,0,0,0,0,0,0
113,679390.8779,4164397.649,25.3,679394.6786,4164397.51,25.5,0,2,1,4.12238456958624e-07,0,0,0,0,0,0,0,0,0,0,0,0,0,0,0,0
114,679394.6786,4164397.51,25.5,679403.6779,4164397.927,25.4,0,2,1,2.84144409795249e-07,0,0,0,0,0,0,0,0,0,0,0,0,0,0,0,0
115,679403.6779,4164397.927,25.4,679408.3541,4164398.139,25.3,0,2,1,5.25407168369849e-07,0,0,0,0,0,0,0,0,0,0,0,0,0,0,0,0
116,679408.3541,4164398.139,25.3,679418.4175,4164398.357,25.1,0,2,1,9.74397988837783e-08,0,0,0,0,0,0,0,0,0,0,0,0,0,0,0,0
117,679418.4175,4164398.357,25.1,679423.714,4164398.472,25,0,2,1,1.63624529315995e-07,0,0,0,0,0,0,0,0,0,0,0,0,0,0,0,0
118,679423.714,4164398.472,25,679434.4836,4164398.705,24.8,0,2,1,3.2949709151293e-07,0,0,0,0,0,0,0,0,0,0,0,0,0,0,0,0
119,679434.4836,4164398.705,24.8,679440.1333,4164398.827,24.7,0,2,1,5.04260306988094e-07,0,0,0,0,0,0,0,0,0,0,0,0,0,0,0,0
120,679440.1333,4164398.827,24.7,679451.4253,4164399.405,24.4,0,2,1,1.60908168816873e-07,0,0,0,0,0,0,0,0,0,0,0,0,0,0,0,0
121,679451.4253,4164399.405,24.4,679457.3374,4164399.644,24.2,0,2,1,2.8208186441159e-07,0,0,0,0,0,0,0,0,0,0,0,0,0,0,0,0
122,679457.3374,4164399.644,24.2,679469.4311,4164399.906,23.9,0,2,1,2.39663431882496e-07,0,0,0,0,0,0,0,0,0,0,0,0,0,0,0,0
123,679469.4311,4164399.906,23.9,679475.787,4164400.044,23.8,0,2,1,5.45759242768292e-07,0,0,0,0,0,0,0,0,0,0,0,0,0,0,0,0
124,679475.787,4164400.044,23.8,679489.0307,4164400.22,23.5,0,2,1,2.66449337000757e-07,0,0,0,0,0,0,0,0,0,0,0,0,0,0,0,0
125,679489.0307,4164400.22,23.5,679495.9186,4164400.258,23.4,0,2,1,3.28072238113462e-07,0,0,0,0,0,0,0,0,0,0,0,0,0,0,0,0
126,679495.9186,4164400.258,23.4,679509.9568,4164400.451,23.3,0,2,1,8.47584526372954e-08,0,0,0,0,0,0,0,0,0,0,0,0,0,0,0,0
127,679509.9568,4164400.451,23.3,679524.4436,4164400.321,24.1,0,2,1,0,0,0,0,0,0,0,0,0,0,0,0,0,0,0,0,0
128,679524.4436,4164400.321,24.1,679535.3994,4164400.114,25.4,0,2,1,3.5162194211978e-08,0,0,0,0,0,0,0,0,0,0,0,0,0,0,0,0
129,679535.3994,4164400.114,25.4,679539.1976,4164400.086,25.9,0,2,1,2.29436282466937e-07,0,0,0,0,0,0,0,0,0,0,0,0,0,0,0,0
130,679539.1976,4164400.086,25.9,679553.1572,4164399.833,26.5,0,2,1,1.51702384697372e-07,0,0,0,0,0,0,0,0,0,0,0,0,0,0,0,0
131,679553.1572,4164399.833,26.5,679560.4006,4164399.768,26.8,0,2,1,9.68288304106224e-07,0,0,0,0,0,0,0,0,0,0,0,0,0,0,0,0
132,679560.4006,4164399.768,26.8,679575.856,4164399.77,27.2,0,2,1,2.43198632341962e-07,0,0,0,0,0,0,0,0,0,0,0,0,0,0,0,0
133,679575.856,4164399.77,27.2,679583.9822,4164399.724,27.4,0,2,1,3.77671725009512e-07,0,0,0,0,0,0,0,0,0,0,0,0,0,0,0,0
134,679583.9822,4164399.724,27.4,679599.9625,4164399.96,27.7,0,2,1,1.33251322420219e-07,0,0,0,0,0,0,0,0,0,0,0,0,0,0,0,0
135,679599.9625,4164399.96,27.7,679608.3487,4164400.142,27.8,0,2,1,3.81463472797557e-08,0,0,0,0,0,0,0,0,0,0,0,0,0,0,0,0
136,679608.3487,4164400.142,27.8,679624.1572,4164400.151,27.9,0,2,1,1.44222887515655e-08,0,0,0,0,0,0,0,0,0,0,0,0,0,0,0,0
137,679624.1572,4164400.151,27.9,679632.3692,4164400.218,28,0,2,1,7.30556515406027e-07,0,0,0,0,0,0,0,0,0,0,0,0,0,0,0,0
138,679632.3692,4164400.218,28,679648.4354,4164400.567,27.8,0,2,1,2.67559753746465e-07,0,0,0,0,0,0,0,0,0,0,0,0,0,0,0,0
139,679648.4354,4164400.567,27.8,679656.8216,4164400.749,27.7,0,2,1,4.2914629184429e-07,0,0,0,0,0,0,0,0,0,0,0,0,0,0,0,0
140,679656.8216,4164400.749,27.7,679674.2215,4164400.682,27.8,0,2,1,2.0286970204832e-07,0,0,0,0,0,0,0,0,0,0,0,0,0,0,0,0
141,679674.2215,4164400.682,27.8,679692.4183,4164400.522,28,0,2,1,1.45066012396092e-07,0,0,0,0,0,0,0,0,0,0,0,0,0,0,0,0
142,679692.4183,4164400.522,28,679706.1989,4164400.377,28.4,0,2,1,6.22316832561901e-08,0,0,0,0,0,0,0,0,0,0,0,0,0,0,0,0
143,679706.1989,4164400.377,28.4,679710.9706,4164400.258,28.5,0,2,1,1.90397758209792e-07,0,0,0,0,0,0,0,0,0,0,0,0,0,0,0,0
144,679710.9706,4164400.258,28.5,679729.0743,4164400.318,28.7,0,2,1,3.7945476643922e-08,0,0,0,0,0,0,0,0,0,0,0,0,0,0,0,0
145,679729.0743,4164400.318,28.7,679738.5246,4164400.301,28.8,0,2,1,1.67180730589345e-07,0,0,0,0,0,0,0,0,0,0,0,0,0,0,0,0
146,679738.5246,4164400.301,28.8,679756.8884,4164400.588,28.9,0,2,1,1.55720344777345e-07,0,0,0,0,0,0,0,0,0,0,0,0,0,0,0,0
147,679756.8884,4164400.588,28.9,679766.4221,4164400.795,28.9,0,2,1,3.63883795389051e-07,0,0,0,0,0,0,0,0,0,0,0,0,0,0,0,0
148,679766.4221,4164400.795,28.9,679784.6976,4164401.081,28.9,0,2,1,1.08328768160258e-07,0,0,0,0,0,0,0,0,0,0,0,0,0,0,0,0
149,679784.6976,4164401.081,28.9,679794.2338,4164401.177,28.9,0,2,1,2.01328377617003e-07,0,0,0,0,0,0,0,0,0,0,0,0,0,0,0,0
150,679794.2338,4164401.177,28.9,679812.3255,4164401.792,28.8,0,2,1,1.77324523185916e-07,0,0,0,0,0,0,0,0,0,0,0,0,0,0,0,0
151,679812.3255,4164401.792,28.8,679830.8561,4164402.527,28.4,0,2,1,1.67659040798702e-07,0,0,0,0,0,0,0,0,0,0,0,0,0,0,0,0
152,679830.8561,4164402.527,28.4,679844.6223,4164403.048,28,0,2,1,1.90830874135887e-07,0,0,0,0,0,0,0,0,0,0,0,0,0,0,0,0
153,679844.6223,4164403.048,28,679858.4768,4164403.571,27.5,0,2,1,1.87409950059602e-07,0,0,0,0,0,0,0,0,0,0,0,0,0,0,0,0
154,679858.4768,4164403.571,27.5,679872.4219,4164403.985,27,0,2,1,1.81945363971919e-07,0,0,0,0,0,0,0,0,0,0,0,0,0,0,0,0
155,679872.4219,4164403.985,27,679877.1888,4164404.088,26.8,0,2,1,5.82540507175762e-07,0,0,0,0,0,0,0,0,0,0,0,0,0,0,0,0
156,679877.1888,4164404.088,26.8,679895.5525,4164404.376,27,0,2,1,1.61702314154158e-07,0,0,0,0,0,0,0,0,0,0,0,0,0,0,0,0
157,679895.5525,4164404.376,27,679905.177,4164404.474,27.1,0,2,1,3.04400649523498e-07,0,0,0,0,0,0,0,0,0,0,0,0,0,0,0,0
158,679905.177,4164404.474,27.1,679923.6242,4164404.986,27.3,0,2,1,1.58219478271661e-07,0,0,0,0,0,0,0,0,0,0,0,0,0,0,0,0
159,679923.6242,4164404.986,27.3,679942.5103,4164405.618,27.2,0,2,1,1.78864269485181e-07,0,0,0,0,0,0,0,0,0,0,0,0,0,0,0,0
160,679942.5103,4164405.618,27.2,679956.5438,4164406.034,27,0,2,1,2.40011379986459e-07,0,0,0,0,0,0,0,0,0,0,0,0,0,0,0,0
161,679956.5438,4164406.034,27,679970.403,4164406.335,26.7,0,2,1,2.32226197963579e-07,0,0,0,0,0,0,0,0,0,0,0,0,0,0,0,0
162,679970.403,4164406.335,26.7,679984.174,4164406.634,26.5,0,2,1,2.19226580051493e-07,0,0,0,0,0,0,0,0,0,0,0,0,0,0,0,0
163,679984.174,4164406.634,26.5,679988.8526,4164406.736,26.4,0,2,1,5.59735576094145e-07,0,0,0,0,0,0,0,0,0,0,0,0,0,0,0,0
164,679988.8526,4164406.736,26.4,680006.5102,4164407.008,26.5,0,2,1,2.02152575093199e-07,0,0,0,0,0,0,0,0,0,0,0,0,0,0,0,0
165,680006.5102,4164407.008,26.5,680015.6933,4164407.097,26.5,0,2,1,3.59339903468993e-07,0,0,0,0,0,0,0,0,0,0,0,0,0,0,0,0
166,680015.6933,4164407.097,26.5,680033.0001,4164407.251,26.9,0,2,1,1.94660880869321e-07,0,0,0,0,0,0,0,0,0,0,0,0,0,0,0,0
167,680033.0001,4164407.251,26.9,680042.0066,4164407.336,27.1,0,2,1,3.13015192204341e-07,0,0,0,0,0,0,0,0,0,0,0,0,0,0,0,0
168,680042.0066,4164407.336,27.1,680058.5118,4164407.805,27,0,2,1,1.24151208543671e-07,0,0,0,0,0,0,0,0,0,0,0,0,0,0,0,0
169,680058.5118,4164407.805,27,680067.1628,4164407.994,26.9,0,2,1,1.96449215263404e-07,0,0,0,0,0,0,0,0,0,0,0,0,0,0,0,0
170,680067.1628,4164407.994,26.9,680083.0548,4164408.228,27.2,0,2,1,6.91972228187809e-08,0,0,0,0,0,0,0,0,0,0,0,0,0,0,0,0
171,680083.0548,4164408.228,27.2,680091.441,4164408.41,27.3,0,2,1,9.96570922715025e-08,0,0,0,0,0,0,0,0,0,0,0,0,0,0,0,0
172,680091.441,4164408.41,27.3,680106.102,4164408.396,27.7,0,2,1,5.07961669155172e-08,0,0,0,0,0,0,0,0,0,0,0,0,0,0,0,0
173,680106.102,4164408.396,27.7,680113.7844,4164408.452,27.9,0,2,1,9.29058060381756e-08,0,0,0,0,0,0,0,0,0,0,0,0,0,0,0,0
174,680113.7844,4164408.452,27.9,680127.1116,4164408.853,28,0,2,1,5.13739166910622e-08,0,0,0,0,0,0,0,0,0,0,0,0,0,0,0,0
175,680127.1116,4164408.853,28,680134.083,4164409.115,28,0,2,1,7.58280543114084e-08,0,0,0,0,0,0,0,0,0,0,0,0,0,0,0,0
176,680134.083,4164409.115,28,680145.9047,4164409.706,27.9,0,2,1,9.79990987546676e-08,0,0,0,0,0,0,0,0,0,0,0,0,0,0,0,0
177,680145.9047,4164409.706,27.9,680152.0791,4164410.062,27.9,0,2,1,2.19895961991385e-07,0,0,0,0,0,0,0,0,0,0,0,0,0,0,0,0
178,680152.0791,4164410.062,27.9,680161.0071,4164409.701,28.2,0,2,1,9.42928108796283e-08,0,0,0,0,0,0,0,0,0,0,0,0,0,0,0,0
179,680161.0071,4164409.701,28.2,680165.6022,4164409.579,28.4,0,2,1,1.11494289478744e-07,0,0,0,0,0,0,0,0,0,0,0,0,0,0,0,0
180,680165.6022,4164409.579,28.4,680171.2615,4164409.258,28.3,0,2,1,1.05480871732271e-07,0,0,0,0,0,0,0,0,0,0,0,0,0,0,0,0
181,680171.2615,4164409.258,28.3,680174.2677,4164409.101,28.3,0,2,1,2.26224895143216e-07,0,0,0,0,0,0,0,0,0,0,0,0,0,0,0,0
182,680174.2677,4164409.101,28.3,680177.7177,4164408.843,28.2,0,2,1,4.27613241075908e-07,0,0,0,0,0,0,0,0,0,0,0,0,0,0,0,0
183,680177.7177,4164408.843,28.2,680179.5739,4164408.773,28.2,0,2,1,6.6216364879303e-07,0,0,0,0,0,0,0,0,0,0,0,0,0,0,0,0
184,680179.5739,4164408.773,28.2,680182.0505,4164408.605,28.5,0,2,1,3.12760915269254e-07,0,0,0,0,0,0,0,0,0,0,0,0,0,0,0,0
185,680182.0505,4164408.605,28.5,680183.2887,4164408.52,28.7,0,2,1,1.01818746750242e-06,0,0,0,0,0,0,0,0,0,0,0,0,0,0,0,0
186,680183.2887,4164408.52,28.7,680185.2332,4164408.452,28.8,0,2,1,6.82660054131893e-07,0,0,0,0,0,0,0,0,0,0,0,0,0,0,0,0
187,680185.2332,4164408.452,28.8,680186.2067,4164408.362,28.9,0,2,1,9.93197496723863e-07,0,0,0,0,0,0,0,0,0,0,0,0,0,0,0,0
188,680186.2067,4164408.362,28.9,680187.3518,4164408.498,28.9,0,2,1,8.67145493135084e-07,0,0,0,0,0,0,0,0,0,0,0,0,0,0,0,0
189,680187.3518,4164408.498,28.9,680187.9673,4164408.622,28.9,0,2,1,1.54786368337174e-06,0,0,0,0,0,0,0,0,0,0,0,0,0,0,0,0
190,680187.9673,4164408.622,28.9,680188.7618,4164408.64,28.8,0,2,1,9.57629030579747e-07,0,0,0,0,0,0,0,0,0,0,0,0,0,0,0,0
191,680188.7618,4164408.64,28.8,680189.2032,4164408.649,28.7,0,2,1,1.91310726028491e-06,0,0,0,0,0,0,0,0,0,0,0,0,0,0,0,0
192,680189.2032,4164408.649,28.7,680189.6422,4164408.77,28.6,0,2,1,2.07691974847103e-06,0,0,0,0,0,0,0,0,0,0,0,0,0,0,0,0
193,680189.6422,4164408.77,28.6,680189.9046,4164408.886,28.5,0,2,1,3.16329038468432e-06,0,0,0,0,0,0,0,0,0,0,0,0,0,0,0,0
194,680189.9046,4164408.886,28.5,680190.1694,4164408.892,28.4,0,2,1,2.85727378819496e-06,0,0,0,0,0,0,0,0,0,0,0,0,0,0,0,0
195,680190.1694,4164408.892,28.4,680190.346,4164408.896,28.4,0,2,1,4.34897919180507e-06,0,0,0,0,0,0,0,0,0,0,0,0,0,0,0,0
196,680190.346,4164408.896,28.4,680191.0522,4164408.911,28.3,0,2,1,2.66324294731111e-06,0,0,0,0,0,0,0,0,0,0,0,0,0,0,0,0
197,680191.0522,4164408.911,28.3,680191.4053,4164408.919,28.3,0,2,1,8.43747279410513e-06,0,0,0,0,0,0,0,0,0,0,0,0,0,0,0,0
198,680191.4053,4164408.919,28.3,680194.848,4164408.994,28.7,0,2,1,6.83643213201159e-07,0,0,0,0,0,0,0,0,0,0,0,0,0,0,0,0
199,680194.848,4164408.994,28.7,680199.1711,4164409.199,28.9,0,2,1,8.3091471869532e-07,0,0,0,0,0,0,0,0,0,0,0,0,0,0,0,0
200,680199.1711,4164409.199,28.9,680202.8763,4164409.391,29,0,2,1,9.18774803108857e-07,0,0,0,0,0,0,0,0,0,0,0,0,0,0,0,0
201,680202.8763,4164409.391,29,680204.198,4164409.53,29,0,2,1,2.60328286835635e-06,0,0,0,0,0,0,0,0,0,0,0,0,0,0,0,0
202,680204.198,4164409.53,29,680210.0242,4164409.657,29,0,2,1,2.07633551636984e-07,0,0,0,0,0,0,0,0,0,0,0,0,0,0,0,0
203,680210.0242,4164409.657,29,680213.0256,4164409.722,29,0,2,1,1.45565551351729e-06,0,0,0,0,0,0,0,0,0,0,0,0,0,0,0,0
204,680213.0256,4164409.722,29,680219.9087,4164409.983,29.2,0,2,1,4.2229417002306e-07,0,0,0,0,0,0,0,0,0,0,0,0,0,0,0,0
205,680219.9087,4164409.983,29.2,680227.6721,4164410.374,29.1,0,2,1,5.47986574677265e-07,0,0,0,0,0,0,0,0,0,0,0,0,0,0,0,0
206,680227.6721,4164410.374,29.1,680234.0255,4164410.623,28.9,0,2,1,2.34222670672737e-07,0,0,0,0,0,0,0,0,0,0,0,0,0,0,0,0
207,680234.0255,4164410.623,28.9,680240.7321,4164410.88,28.8,0,2,1,5.8550071194704e-07,0,0,0,0,0,0,0,0,0,0,0,0,0,0,0,0
208,680240.7321,4164410.88,28.8,680247.5293,4164411.028,28.8,0,2,1,3.27997243306426e-07,0,0,0,0,0,0,0,0,0,0,0,0,0,0,0,0
209,680247.5293,4164411.028,28.8,680249.9127,4164411.08,28.8,0,2,1,9.06037209440646e-07,0,0,0,0,0,0,0,0,0,0,0,0,0,0,0,0
210,680249.9127,4164411.08,28.8,680259.8855,4164411.408,28.7,0,2,1,1.62346874341686e-07,0,0,0,0,0,0,0,0,0,0,0,0,0,0,0,0
211,680259.8855,4164411.408,28.7,680265.0913,4164411.632,28.7,0,2,1,7.27352079238631e-07,0,0,0,0,0,0,0,0,0,0,0,0,0,0,0,0
212,680265.0913,4164411.632,28.7,680276.1186,4164412.205,27.9,0,2,1,2.08652516735765e-07,0,0,0,0,0,0,0,0,0,0,0,0,0,0,0,0
213,680276.1186,4164412.205,27.9,680281.8516,4164412.552,27.5,0,2,1,4.09901423011731e-07,0,0,0,0,0,0,0,0,0,0,0,0,0,0,0,0
214,680281.8516,4164412.552,27.5,680293.4061,4164413.248,27.8,0,2,1,2.8671957661343e-07,0,0,0,0,0,0,0,0,0,0,0,0,0,0,0,0
215,680293.4061,4164413.248,27.8,680299.4923,4164413.602,27.9,0,2,1,4.24776233542486e-07,0,0,0,0,0,0,0,0,0,0,0,0,0,0,0,0
216,680299.4923,4164413.602,27.9,680312.5498,4164414.22,27.8,0,2,1,2.88391208975214e-07,0,0,0,0,0,0,0,0,0,0,0,0,0,0,0,0
217,680312.5498,4164414.22,27.8,680319.4305,4164414.591,27.7,0,2,1,5.6301757182369e-07,0,0,0,0,0,0,0,0,0,0,0,0,0,0,0,0
218,680319.4305,4164414.591,27.7,680333.7239,4164415.236,27.9,0,2,1,1.32780573675422e-07,0,0,0,0,0,0,0,0,0,0,0,0,0,0,0,0
219,680333.7239,4164415.236,27.9,680348.6329,4164416.004,27.9,0,2,1,5.55305153568826e-08,0,0,0,0,0,0,0,0,0,0,0,0,0,0,0,0
220,680348.6329,4164416.004,27.9,680359.839,4164416.47,27.8,0,2,1,1.57805888607509e-07,0,0,0,0,0,0,0,0,0,0,0,0,0,0,0,0
221,680359.839,4164416.47,27.8,680363.7208,4164416.666,27.8,0,2,1,6.12354787761543e-07,0,0,0,0,0,0,0,0,0,0,0,0,0,0,0,0
222,680363.7208,4164416.666,27.8,680378.8038,4164417.549,27.9,0,2,1,1.89949920967464e-07,0,0,0,0,0,0,0,0,0,0,0,0,0,0,0,0
223,680378.8038,4164417.549,27.9,680386.6555,4164417.942,28,0,2,1,5.03677833856693e-07,0,0,0,0,0,0,0,0,0,0,0,0,0,0,0,0
224,680386.6555,4164417.942,28,680402.8862,4164418.851,27.5,0,2,1,2.57628343588108e-07,0,0,0,0,0,0,0,0,0,0,0,0,0,0,0,0
225,680402.8862,4164418.851,27.5,680420.1858,4164419.339,28.1,0,2,1,2.81228340924303e-07,0,0,0,0,0,0,0,0,0,0,0,0,0,0,0,0
226,680420.1858,4164419.339,28.1,680433.6968,4164419.411,29.2,0,2,1,3.42286140106534e-07,0,0,0,0,0,0,0,0,0,0,0,0,0,0,0,0
227,680433.6968,4164419.411,29.2,680438.2895,4164419.4,29.6,0,2,1,4.79376877354409e-07,0,0,0,0,0,0,0,0,0,0,0,0,0,0,0,0
228,680438.2895,4164419.4,29.6,680456.5554,4164420.131,29.2,0,2,1,3.06812049324717e-08,0,0,0,0,0,0,0,0,0,0,0,0,0,0,0,0
229,680456.5554,4164420.131,29.2,680466.0867,4164420.45,29,0,2,1,0,0,0,0,0,0,0,0,0,0,0,0,0,0,0,0,0
230,680466.0867,4164420.45,29,680485.0539,4164421.418,28.6,0,2,1,1.410816125638e-08,0,0,0,0,0,0,0,0,0,0,0,0,0,0,0,0
231,680485.0539,4164421.418,28.6,680504.8204,4164422.182,28.8,0,2,1,0,0,0,0,0,0,0,0,0,0,0,0,0,0,0,0,0
232,680504.8204,4164422.182,28.8,680519.8273,4164422.509,29.4,0,2,1,6.35716674554013e-08,0,0,0,0,0,0,0,0,0,0,0,0,0,0,0,0
233,680519.8273,4164422.509,29.4,680524.9472,4164422.62,29.6,0,2,1,3.04383763349398e-07,0,0,0,0,0,0,0,0,0,0,0,0,0,0,0,0
234,680524.9472,4164422.62,29.6,680544.7162,4164423.273,29.6,0,2,1,1.05158348601605e-07,0,0,0,0,0,0,0,0,0,0,0,0,0,0,0,0
235,680544.7162,4164423.273,29.6,680555.042,4164423.609,29.6,0,2,1,4.64607357984212e-07,0,0,0,0,0,0,0,0,0,0,0,0,0,0,0,0
236,680555.042,4164423.609,29.6,680575.1664,4164424.159,29.5,0,2,1,1.60439560924269e-07,0,0,0,0,0,0,0,0,0,0,0,0,0,0,0,0
237,680575.1664,4164424.159,29.5,680585.6688,4164424.499,29.5,0,2,1,2.56949808793798e-07,0,0,0,0,0,0,0,0,0,0,0,0,0,0,0,0
238,680585.6688,4164424.499,29.5,680606.4136,4164424.951,29.5,0,2,1,1.0939908535926e-07,0,0,0,0,0,0,0,0,0,0,0,0,0,0,0,0
239,680606.4136,4164424.951,29.5,680617.2715,4164425.188,29.5,0,2,1,2.78072151627949e-07,0,0,0,0,0,0,0,0,0,0,0,0,0,0,0,0
240,680617.2715,4164425.188,29.5,680638.546,4164425.652,29.1,0,2,1,4.51528601921888e-08,0,0,0,0,0,0,0,0,0,0,0,0,0,0,0,0
241,680638.546,4164425.652,29.1,680649.6687,4164425.894,28.9,0,2,1,8.49271798412029e-08,0,0,0,0,0,0,0,0,0,0,0,0,0,0,0,0
242,680649.6687,4164425.894,28.9,680671.1197,4164426.362,28.4,0,2,1,1.31395507664753e-07,0,0,0,0,0,0,0,0,0,0,0,0,0,0,0,0
243,680671.1197,4164426.362,28.4,680693.0096,4164426.951,27.9,0,2,1,1.25550308803585e-07,0,0,0,0,0,0,0,0,0,0,0,0,0,0,0,0
244,680693.0096,4164426.951,27.9,680709.1617,4164427.414,27.6,0,2,1,1.45407629179548e-07,0,0,0,0,0,0,0,0,0,0,0,0,0,0,0,0
245,680709.1617,4164427.414,27.6,680714.7231,4164427.536,27.5,0,2,1,7.76476859161371e-07,0,0,0,0,0,0,0,0,0,0,0,0,0,0,0,0
246,680714.7231,4164427.536,27.5,680735.642,4164428.103,27.1,0,2,1,3.59763136079165e-07,0,0,0,0,0,0,0,0,0,0,0,0,0,0,0,0
247,680735.642,4164428.103,27.1,680746.5882,4164428.342,26.9,0,2,1,9.67981747217482e-07,0,0,0,0,0,0,0,0,0,0,0,0,0,0,0,0
248,680746.5882,4164428.342,26.9,680768.7381,4164429.158,26,0,2,1,5.40948850926256e-07,0,0,0,0,0,0,0,0,0,0,0,0,0,0,0,0
249,680768.7381,4164429.158,26,680780.2998,4164429.522,25.5,0,2,1,4.80212603869706e-07,0,0,0,0,0,0,0,0,0,0,0,0,0,0,0,0
250,680780.2998,4164429.522,25.5,680804.3991,4164430.048,25.8,0,2,1,4.72894137383288e-07,0,0,0,0,0,0,0,0,0,0,0,0,0,0,0,0
251,680804.3991,4164430.048,25.8,680816.9342,4164430.321,25.9,0,2,1,1.01287741157209e-06,0,0,0,0,0,0,0,0,0,0,0,0,0,0,0,0
252,680816.9342,4164430.321,25.9,680841.2125,4164430.74,27.1,0,2,1,5.10046822512197e-08,0,0,0,0,0,0,0,0,0,0,0,0,0,0,0,0
253,680841.2125,4164430.74,27.1,680853.8383,4164430.905,27.7,0,2,1,7.33318115228913e-08,0,0,0,0,0,0,0,0,0,0,0,0,0,0,0,0
254,680853.8383,4164430.905,27.7,680876.6062,4164431.735,28,0,2,1,1.29471294445312e-07,0,0,0,0,0,0,0,0,0,0,0,0,0,0,0,0
255,680876.6062,4164431.735,28,680898.6654,4164432.661,28.1,0,2,1,8.0620021993604e-08,0,0,0,0,0,0,0,0,0,0,0,0,0,0,0,0
256,680898.6654,4164432.661,28.1,680914.1971,4164433.222,28.2,0,2,1,9.90854608206935e-08,0,0,0,0,0,0,0,0,0,0,0,0,0,0,0,0
257,680914.1971,4164433.222,28.2,680919.5795,4164433.451,28.2,0,2,1,2.17179584759517e-07,0,0,0,0,0,0,0,0,0,0,0,0,0,0,0,0
258,680919.5795,4164433.451,28.2,680937.5877,4164433.844,27.9,0,2,1,5.08464012123159e-08,0,0,0,0,0,0,0,0,0,0,0,0,0,0,0,0
259,680937.5877,4164433.844,27.9,680946.945,4164434.048,27.8,0,2,1,7.98077492900842e-08,0,0,0,0,0,0,0,0,0,0,0,0,0,0,0,0
260,680946.945,4164434.048,27.8,680962.0377,4164434.489,27.9,0,2,1,5.62270650695651e-08,0,0,0,0,0,0,0,0,0,0,0,0,0,0,0,0
261,680962.0377,4164434.489,27.9,680969.8918,4164434.772,28,0,2,1,2.36646207864916e-07,0,0,0,0,0,0,0,0,0,0,0,0,0,0,0,0
262,680969.8918,4164434.772,28,680982.5104,4164435.269,27.9,0,2,1,1.43323327715389e-07,0,0,0,0,0,0,0,0,0,0,0,0,0,0,0,0
263,680982.5104,4164435.269,27.9,680989.0404,4164435.523,27.9,0,2,1,2.4942977400292e-07,0,0,0,0,0,0,0,0,0,0,0,0,0,0,0,0
264,680989.0404,4164435.523,27.9,681000.3421,4164435.659,28.3,0,2,1,9.37255921371365e-08,0,0,0,0,0,0,0,0,0,0,0,0,0,0,0,0
265,681000.3421,4164435.659,28.3,681010.8542,4164435.556,28.3,0,2,1,6.77282863102199e-08,0,0,0,0,0,0,0,0,0,0,0,0,0,0,0,0
266,681010.8542,4164435.556,28.3,681017.747,4164435.373,28.1,0,2,1,2.47894506451057e-07,0,0,0,0,0,0,0,0,0,0,0,0,0,0,0,0
267,681017.747,4164435.373,28.1,681020.1328,4164435.314,28,0,2,1,1.46105164058096e-06,0,0,0,0,0,0,0,0,0,0,0,0,0,0,0,0
268,681020.1328,4164435.314,28,681028.5214,4164435.387,27.7,0,2,1,3.5262045294821e-07,0,0,0,0,0,0,0,0,0,0,0,0,0,0,0,0
269,681028.5214,4164435.387,27.7,681037.707,4164435.365,27.5,0,2,1,3.12373148373212e-07,0,0,0,0,0,0,0,0,0,0,0,0,0,0,0,0
270,681037.707,4164435.365,27.5,681044.8597,4164435.411,27.4,0,2,1,3.52270017128719e-07,0,0,0,0,0,0,0,0,0,0,0,0,0,0,0,0
271,681044.8597,4164435.411,27.4,681047.3315,4164435.465,27.4,0,2,1,1.11231945766934e-06,0,0,0,0,0,0,0,0,0,0,0,0,0,0,0,0
272,681047.3315,4164435.465,27.4,681058.7215,4164435.603,27.8,0,2,1,4.42188515230888e-07,0,0,0,0,0,0,0,0,0,0,0,0,0,0,0,0
273,681058.7215,4164435.603,27.8,681064.7242,4164435.734,28,0,2,1,7.54055514551748e-07,0,0,0,0,0,0,0,0,0,0,0,0,0,0,0,0
274,681064.7242,4164435.734,28,681077.1784,4164435.673,28.3,0,2,1,1.67764766531134e-07,0,0,0,0,0,0,0,0,0,0,0,0,0,0,0,0
275,681077.1784,4164435.673,28.3,681090.4222,4164435.852,28.4,0,2,1,2.24984268182667e-07,0,0,0,0,0,0,0,0,0,0,0,0,0,0,0,0
276,681090.4222,4164435.852,28.4,681100.5763,4164435.963,28.3,0,2,1,1.60508305342736e-07,0,0,0,0,0,0,0,0,0,0,0,0,0,0,0,0
277,681100.5763,4164435.963,28.3,681110.9021,4164436.299,28.4,0,2,1,3.28112786282822e-07,0,0,0,0,0,0,0,0,0,0,0,0,0,0,0,0
278,681110.9021,4164436.299,28.4,681121.228,4164436.636,28.5,0,2,1,3.80378527332475e-07,0,0,0,0,0,0,0,0,0,0,0,0,0,0,0,0
279,681121.228,4164436.636,28.5,681124.7566,4164436.824,28.6,0,2,1,1.75670217849644e-06,0,0,0,0,0,0,0,0,0,0,0,0,0,0,0,0
280,681124.7566,4164436.824,28.6,681138.8831,4164437.022,29.3,0,2,1,5.28091862160536e-07,0,0,0,0,0,0,0,0,0,0,0,0,0,0,0,0
281,681138.8831,4164437.022,29.3,681146.2124,4164437.071,29.6,0,2,1,8.8608755902951e-07,0,0,0,0,0,0,0,0,0,0,0,0,0,0,0,0
282,681146.2124,4164437.071,29.6,681161.2193,4164437.4,29.5,0,2,1,5.07634402718431e-07,0,0,0,0,0,0,0,0,0,0,0,0,0,0,0,0
283,681161.2193,4164437.4,29.5,681168.9876,4164437.57,29.5,0,2,1,1.32558983467806e-06,0,0,0,0,0,0,0,0,0,0,0,0,0,0,0,0
284,681168.9876,4164437.57,29.5,681185.4976,4164437.82,29.3,0,2,1,2.74933186042946e-07,0,0,0,0,0,0,0,0,0,0,0,0,0,0,0,0
285,681185.4976,4164437.82,29.3,681194.0603,4164438.007,29.2,0,2,1,9.6084439178873e-07,0,0,0,0,0,0,0,0,0,0,0,0,0,0,0,0
286,681194.0603,4164438.007,29.2,681212.5051,4164438.632,29.6,0,2,1,2.88736748566417e-07,0,0,0,0,0,0,0,0,0,0,0,0,0,0,0,0
287,681212.5051,4164438.632,29.6,681231.644,4164439.828,29.8,0,2,1,2.83148501708909e-07,0,0,0,0,0,0,0,0,0,0,0,0,0,0,0,0
288,681231.644,4164439.828,29.8,681246.1018,4164441.033,29.8,0,2,1,1.8541636784217e-07,0,0,0,0,0,0,0,0,0,0,0,0,0,0,0,0
289,681246.1018,4164441.033,29.8,681251.0379,4164441.474,29.8,0,2,1,7.78881479402155e-07,0,0,0,0,0,0,0,0,0,0,0,0,0,0,0,0
290,681251.0379,4164441.474,29.8,681270.3412,4164443.228,29.7,0,2,1,4.01380764481763e-07,0,0,0,0,0,0,0,0,0,0,0,0,0,0,0,0
291,681270.3412,4164443.228,29.7,681280.4783,4164444.116,29.6,0,2,1,8.13643485268047e-07,0,0,0,0,0,0,0,0,0,0,0,0,0,0,0,0
292,681280.4783,4164444.116,29.6,681300.1565,4164444.88,29.5,0,2,1,5.33176922311734e-07,0,0,0,0,0,0,0,0,0,0,0,0,0,0,0,0
293,681300.1565,4164444.88,29.5,681310.4799,4164445.328,29.4,0,2,1,9.08685794811672e-07,0,0,0,0,0,0,0,0,0,0,0,0,0,0,0,0
294,681310.4799,4164445.328,29.4,681330.8741,4164445.663,30.1,0,2,1,2.52340969748767e-07,0,0,0,0,0,0,0,0,0,0,0,0,0,0,0,0
295,681330.8741,4164445.663,30.1,681351.972,4164446.125,30.4,0,2,1,1.87632434650398e-07,0,0,0,0,0,0,0,0,0,0,0,0,0,0,0,0
296,681351.972,4164446.125,30.4,681367.9475,4164446.586,30.4,0,2,1,2.60916463258194e-07,0,0,0,0,0,0,0,0,0,0,0,0,0,0,0,0
297,681367.9475,4164446.586,30.4,681373.4206,4164446.706,30.4,0,2,1,9.90061231239227e-07,0,0,0,0,0,0,0,0,0,0,0,0,0,0,0,0
298,681373.4206,4164446.706,30.4,681394.4278,4164447.277,30.4,0,2,1,1.98905917051555e-07,0,0,0,0,0,0,0,0,0,0,0,0,0,0,0,0
299,681394.4278,4164447.277,30.4,681405.4598,4164447.63,30.4,0,2,1,6.05199975127006e-07,0,0,0,0,0,0,0,0,0,0,0,0,0,0,0,0
300,681405.4598,4164447.63,30.4,681426.9084,4164448.21,30.5,0,2,1,3.51871858481348e-07,0,0,0,0,0,0,0,0,0,0,0,0,0,0,0,0
301,681426.9084,4164448.21,30.5,681438.1194,4164448.456,30.6,0,2,1,5.64465075477488e-07,0,0,0,0,0,0,0,0,0,0,0,0,0,0,0,0
302,681438.1194,4164448.456,30.6,681460.0045,4164449.268,30.6,0,2,1,2.19632965688981e-07,0,0,0,0,0,0,0,0,0,0,0,0,0,0,0,0
303,681460.0045,4164449.268,30.6,681471.3896,4164449.629,30.6,0,2,1,2.93217880776827e-07,0,0,0,0,0,0,0,0,0,0,0,0,0,0,0,0
304,681471.3896,4164449.629,30.6,681493.2796,4164450.219,30.7,0,2,1,1.21928086534173e-07,0,0,0,0,0,0,0,0,0,0,0,0,0,0,0,0
305,681493.2796,4164450.219,30.7,681504.7554,4164450.471,30.7,0,2,1,1.79464322223981e-07,0,0,0,0,0,0,0,0,0,0,0,0,0,0,0,0
306,681504.7554,4164450.471,30.7,681526.6405,4164451.284,30.6,0,2,1,1.013679809019e-07,0,0,0,0,0,0,0,0,0,0,0,0,0,0,0,0
307,681526.6405,4164451.284,30.6,681538.0257,4164451.644,30.5,0,2,1,3.18664565190615e-07,0,0,0,0,0,0,0,0,0,0,0,0,0,0,0,0
308,681538.0257,4164451.644,30.5,681559.9181,4164452.124,30.6,0,2,1,1.94539399612505e-07,0,0,0,0,0,0,0,0,0,0,0,0,0,0,0,0
309,681559.9181,4164452.124,30.6,681571.3057,4164452.373,30.6,0,2,1,4.24922570920795e-07,0,0,0,0,0,0,0,0,0,0,0,0,0,0,0,0
310,681571.3057,4164452.373,30.6,681593.1073,4164452.962,30.7,0,2,1,2.22376410740246e-07,0,0,0,0,0,0,0,0,0,0,0,0,0,0,0,0
311,681593.1073,4164452.962,30.7,681604.4949,4164453.212,30.7,0,2,1,3.62588838973497e-07,0,0,0,0,0,0,0,0,0,0,0,0,0,0,0,0
312,681604.4949,4164453.212,30.7,681625.8504,4164454.013,30.8,0,2,1,1.76409746305691e-07,0,0,0,0,0,0,0,0,0,0,0,0,0,0,0,0
313,681625.8504,4164454.013,30.8,681637.0589,4164454.37,30.8,0,2,1,2.06879300671775e-07,0,0,0,0,0,0,0,0,0,0,0,0,0,0,0,0
314,681637.0589,4164454.37,30.8,681657.2814,4164454.481,31.1,0,2,1,1.84919824230226e-07,0,0,0,0,0,0,0,0,0,0,0,0,0,0,0,0
315,681657.2814,4164454.481,31.1,681667.7887,4164454.6,31.2,0,2,1,4.35841512834287e-07,0,0,0,0,0,0,0,0,0,0,0,0,0,0,0,0
316,681667.7887,4164454.6,31.2,681686.6797,4164455.014,31.3,0,2,1,1.83109206896727e-07,0,0,0,0,0,0,0,0,0,0,0,0,0,0,0,0
317,681686.6797,4164455.014,31.3,681696.4783,4164455.229,31.3,0,2,1,2.90787538564294e-07,0,0,0,0,0,0,0,0,0,0,0,0,0,0,0,0
318,681696.4783,4164455.229,31.3,681714.9279,4164455.634,31.2,0,2,1,1.4847446982548e-07,0,0,0,0,0,0,0,0,0,0,0,0,0,0,0,0
319,681714.9279,4164455.634,31.2,681724.55,4164455.845,31.2,0,2,1,2.27547187601406e-07,0,0,0,0,0,0,0,0,0,0,0,0,0,0,0,0
320,681724.55,4164455.845,31.2,681742.2051,4164456.232,31.2,0,2,1,9.85310433153696e-08,0,0,0,0,0,0,0,0,0,0,0,0,0,0,0,0
321,681742.2051,4164456.232,31.2,681751.3858,4164456.434,31.2,0,2,1,1.8512683861023e-07,0,0,0,0,0,0,0,0,0,0,0,0,0,0,0,0
322,681751.3858,4164456.434,31.2,681767.1872,4164456.781,31.1,0,2,1,7.21268401352181e-08,0,0,0,0,0,0,0,0,0,0,0,0,0,0,0,0
323,681767.1872,4164456.781,31.1,681775.4851,4164456.963,31,0,2,1,1.08426862662315e-07,0,0,0,0,0,0,0,0,0,0,0,0,0,0,0,0
324,681775.4851,4164456.963,31,681789.8716,4164457.389,30.8,0,2,1,5.56472630014574e-08,0,0,0,0,0,0,0,0,0,0,0,0,0,0,0,0
325,681789.8716,4164457.389,30.8,681797.3727,4164457.665,30.7,0,2,1,9.47149149777438e-08,0,0,0,0,0,0,0,0,0,0,0,0,0,0,0,0
326,681797.3727,4164457.665,30.7,681810.0819,4164458.055,30.5,0,2,1,4.69456420594025e-08,0,0,0,0,0,0,0,0,0,0,0,0,0,0,0,0
327,681810.0819,4164458.055,30.5,681816.7002,4164458.311,30.4,0,2,1,2.20411780189961e-07,0,0,0,0,0,0,0,0,0,0,0,0,0,0,0,0
328,681816.7002,4164458.311,30.4,681826.9377,4164458.647,30.2,0,2,1,1.55197439405451e-07,0,0,0,0,0,0,0,0,0,0,0,0,0,0,0,0
329,681826.9377,4164458.647,30.2,681832.2343,4164458.763,30.1,0,2,1,2.92520808216219e-07,0,0,0,0,0,0,0,0,0,0,0,0,0,0,0,0
330,681832.2343,4164458.763,30.1,681840.2698,4164458.829,30.2,0,2,1,2.19002905367825e-07,0,0,0,0,0,0,0,0,0,0,0,0,0,0,0,0
331,681840.2698,4164458.829,30.2,681844.5071,4164458.922,30.2,0,2,1,4.22343129685335e-07,0,0,0,0,0,0,0,0,0,0,0,0,0,0,0,0
332,681844.5071,4164458.922,30.2,681851.8364,4164458.972,30.3,0,2,1,1.89626975164839e-07,0,0,0,0,0,0,0,0,0,0,0,0,0,0,0,0
333,681851.8364,4164458.972,30.3,681855.6347,4164458.944,30.3,0,2,1,2.81697795000953e-07,0,0,0,0,0,0,0,0,0,0,0,0,0,0,0,0
334,681855.6347,4164458.944,30.3,681861.3775,4164458.848,30.4,0,2,1,1.4483487702941e-07,0,0,0,0,0,0,0,0,0,0,0,0,0,0,0,0
335,681861.3775,4164458.848,30.4,681864.3813,4164458.803,30.5,0,2,1,4.12533541767369e-07,0,0,0,0,0,0,0,0,0,0,0,0,0,0,0,0
336,681864.3813,4164458.803,30.5,681868.4493,4164458.559,30.6,0,2,1,1.99189567953085e-07,0,0,0,0,0,0,0,0,0,0,0,0,0,0,0,0
337,681868.4493,4164458.559,30.6,681870.5704,4164458.495,30.6,0,2,1,2.86046166992743e-07,0,0,0,0,0,0,0,0,0,0,0,0,0,0,0,0
338,681870.5704,4164458.495,30.6,681873.2186,4164458.553,30.4,0,2,1,2.40546347928431e-07,0,0,0,0,0,0,0,0,0,0,0,0,0,0,0,0
339,681873.2186,4164458.553,30.4,681874.6311,4164458.584,30.3,0,2,1,4.9636780423308e-07,0,0,0,0,0,0,0,0,0,0,0,0,0,0,0,0
340,681874.6311,4164458.584,30.3,681875.8669,4164458.611,30.2,0,2,1,4.74117959837231e-07,0,0,0,0,0,0,0,0,0,0,0,0,0,0,0,0
341,681875.8669,4164458.611,30.2,681876.5731,4164458.627,30.1,0,2,1,7.93361417421078e-07,0,0,0,0,0,0,0,0,0,0,0,0,0,0,0,0
342,681876.5731,4164458.627,30.1,681876.7497,4164458.63,29.8,0,2,1,2.24062533991795e-06,0,0,0,0,0,0,0,0,0,0,0,0,0,0,0,0
343,681876.7497,4164458.63,29.8,681876.8379,4164458.632,29.6,0,2,1,4.89425144141766e-06,0,0,0,0,0,0,0,0,0,0,0,0,0,0,0,0
344,681876.8379,4164458.632,29.6,681876.8379,4164458.632,29.3,0,2,1,4.1e-06,0,0,0,0,0,0,0,0,0,0,0,0,0,0,0,0
345,681876.8379,4164458.632,29.3,681876.8379,4164458.632,29.1,0,2,1,7.05e-06,0,0,0,0,0,0,0,0,0,0,0,0,0,0,0,0
346,681876.8379,4164458.632,29.1,681876.8355,4164458.743,29,0,2,1,1.05090774499262e-05,0,0,0,0,0,0,0,0,0,0,0,0,0,0,0,0
347,681876.8355,4164458.743,29,681876.8331,4164458.854,28.9,0,2,1,1.13123190384556e-05,0,0,0,0,0,0,0,0,0,0,0,0,0,0,0,0
348,681876.8331,4164458.854,28.9,681876.8331,4164458.854,28.8,0,2,1,1.67e-05,0,0,0,0,0,0,0,0,0,0,0,0,0,0,0,0
349,681876.8331,4164458.854,28.8,681876.7424,4164458.963,28.7,0,2,1,8.06743685718015e-06,0,0,0,0,0,0,0,0,0,0,0,0,0,0,0,0
350,681876.7424,4164458.963,28.7,681876.7399,4164459.074,28.7,0,2,1,1.53167058238251e-05,0,0,0,0,0,0,0,0,0,0,0,0,0,0,0,0
351,681876.7399,4164459.074,28.7,681876.7399,4164459.074,28.6,0,2,1,2.14e-05,0,0,0,0,0,0,0,0,0,0,0,0,0,0,0,0
352,681876.7399,4164459.074,28.6,681876.8282,4164459.076,28.6,0,2,1,2.27640535073495e-05,0,0,0,0,0,0,0,0,0,0,0,0,0,0,0,0
353,681876.8282,4164459.076,28.6,681876.7399,4164459.074,28.6,0,2,1,2.65014354264665e-05,0,0,0,0,0,0,0,0,0,0,0,0,0,0,0,0
354,681876.7399,4164459.074,28.6,681876.8282,4164459.076,28.6,0,2,1,7.59934323553805e-05,0,0,0,0,0,0,0,0,0,0,0,0,0,0,0,0
355,681876.8282,4164459.076,28.6,681879.1185,4164459.349,28.6,0,2,1,3.52058996555161e-06,0,0,0,0,0,0,0,0,0,0,0,0,0,0,0,0
356,681879.1185,4164459.349,28.6,681880.3519,4164459.487,28.6,0,2,1,8.21830330638577e-06,0,0,0,0,0,0,0,0,0,0,0,0,0,0,0,0
357,681880.3519,4164459.487,28.6,681886.7029,4164459.848,28.4,0,2,1,2.24687013551241e-06,0,0,0,0,0,0,0,0,0,0,0,0,0,0,0,0
358,681886.7029,4164459.848,28.4,681890.055,4164460.033,28.3,0,2,1,1.47382218911717e-06,0,0,0,0,0,0,0,0,0,0,0,0,0,0,0,0
359,681890.055,4164460.033,28.3,681899.1401,4164460.565,27.8,0,2,1,1.3165950820462e-06,0,0,0,0,0,0,0,0,0,0,0,0,0,0,0,0
360,681899.1401,4164460.565,27.8,681903.9045,4164460.781,27.5,0,2,1,2.5948147990393e-06,0,0,0,0,0,0,0,0,0,0,0,0,0,0,0,0
361,681903.9045,4164460.781,27.5,681913.3476,4164461.099,27,0,2,1,3.76255232850503e-07,0,0,0,0,0,0,0,0,0,0,0,0,0,0,0,0
362,681913.3476,4164461.099,27,681918.291,4164461.208,26.7,0,2,1,3.04820791609309e-07,0,0,0,0,0,0,0,0,0,0,0,0,0,0,0,0
363,681918.291,4164461.208,26.7,681927.2879,4164461.739,25.8,0,2,1,4.7144374856717e-07,0,0,0,0,0,0,0,0,0,0,0,0,0,0,0,0
364,681927.2879,4164461.739,25.8,681931.9616,4164462.063,25.4,0,2,1,7.72003185959744e-07,0,0,0,0,0,0,0,0,0,0,0,0,0,0,0,0
